{
	"groups": [
		{
			"keys": "eint_logo_png",
			"name": "logo"
		},
		{
			"keys": "checkbox_select_disabled_png,checkbox_select_down_png,checkbox_select_up_png,checkbox_unselect_png,selected_png,border_png,header_png,radiobutton_select_disabled_png,radiobutton_select_down_png,radiobutton_select_up_png,radiobutton_unselect_png,roundthumb_png,thumb_png,track_png,tracklight_png,handle_png,off_png,on_png,button_down_png,button_up_png,thumb_pb_png,track_pb_png,track_sb_png,bg_jpg,egret_icon_png,description_json,buttonSnd_mp3,100_height_gif,720_width_gif,arrow_png,closeBtn_png,cmpLenBg_png,copyright_png,download_button_gif,eint_logo_png,eye_gif,eyelen3_logo_png,map_gif,next_button_gif,next_button_png,next_button_down_gif,next_button_down_png,noBtn_png,noBtnDown_png,noImg_gif,noticeBg_png,ok_button_png,ok_button_disabled_png,ok_button_down_png,progress_arrow_png,progress_cell_png,progress_cell_empty_png,progress_right_png,progress_right_old_png,questioner_png,refreshBtn_png,replay_button_png,replay_button_down_png,rippleCircle_png,rulerBodyCell_gif,rulerBodyCell2_gif,ruler_drager_png,ruler_head_png,score_cross_png,score_dot_png,score_flag_png,spin_png,square1_png,square2_png,square3_png,star_empty_png,star_full_png,thumb_sel_png,tipBalloon_png,top_screen_button_down_png,top_screen_button_up_png,top_screen_closed_png,top_screen_open_png,wait_gif,welcome_gif,yesBtn_png,yesBtnDown_png,localVer_json,clock_shutdown_png,eyelen4_icon_180_png,menu_png,helpQuestioner_png",
			"name": "preload"
		},
		{
			"keys": "localVer_json,buttonSnd_mp3,thumb_sel_png,progress_cell_png,progress_cell_empty_png,score_cross_png,score_dot_png,score_flag_png,closeBtn_png,star_empty_png,star_full_png,noImg_gif,yesBtn_png,noBtn_png,arrow_png,eyelen3_logo_png",
			"name": "eint"
		}
	],
	"resources": [
		{
			"url": "assets/CheckBox/checkbox_select_disabled.png",
			"type": "image",
			"name": "checkbox_select_disabled_png"
		},
		{
			"url": "assets/CheckBox/checkbox_select_down.png",
			"type": "image",
			"name": "checkbox_select_down_png"
		},
		{
			"url": "assets/CheckBox/checkbox_select_up.png",
			"type": "image",
			"name": "checkbox_select_up_png"
		},
		{
			"url": "assets/CheckBox/checkbox_unselect.png",
			"type": "image",
			"name": "checkbox_unselect_png"
		},
		{
			"url": "assets/ItemRenderer/selected.png",
			"type": "image",
			"name": "selected_png"
		},
		{
			"url": "assets/Panel/border.png",
			"type": "image",
			"name": "border_png"
		},
		{
			"url": "assets/Panel/header.png",
			"type": "image",
			"name": "header_png"
		},
		{
			"url": "assets/RadioButton/radiobutton_select_disabled.png",
			"type": "image",
			"name": "radiobutton_select_disabled_png"
		},
		{
			"url": "assets/RadioButton/radiobutton_select_down.png",
			"type": "image",
			"name": "radiobutton_select_down_png"
		},
		{
			"url": "assets/RadioButton/radiobutton_select_up.png",
			"type": "image",
			"name": "radiobutton_select_up_png"
		},
		{
			"url": "assets/RadioButton/radiobutton_unselect.png",
			"type": "image",
			"name": "radiobutton_unselect_png"
		},
		{
			"url": "assets/ScrollBar/roundthumb.png",
			"type": "image",
			"name": "roundthumb_png"
		},
		{
			"url": "assets/Slider/thumb.png",
			"type": "image",
			"name": "thumb_png"
		},
		{
			"url": "assets/Slider/track.png",
			"type": "image",
			"name": "track_png"
		},
		{
			"url": "assets/Slider/tracklight.png",
			"type": "image",
			"name": "tracklight_png"
		},
		{
			"url": "assets/ToggleSwitch/handle.png",
			"type": "image",
			"name": "handle_png"
		},
		{
			"url": "assets/ToggleSwitch/off.png",
			"type": "image",
			"name": "off_png"
		},
		{
			"url": "assets/ToggleSwitch/on.png",
			"type": "image",
			"name": "on_png"
		},
		{
			"url": "assets/Button/button_down.png",
			"type": "image",
			"name": "button_down_png"
		},
		{
			"url": "assets/Button/button_up.png",
			"type": "image",
			"name": "button_up_png"
		},
		{
			"url": "assets/ProgressBar/thumb_pb.png",
			"type": "image",
			"name": "thumb_pb_png"
		},
		{
			"url": "assets/ProgressBar/track_pb.png",
			"type": "image",
			"name": "track_pb_png"
		},
		{
			"url": "assets/ScrollBar/track_sb.png",
			"type": "image",
			"name": "track_sb_png"
		},
		{
			"url": "assets/bg.jpg",
			"type": "image",
			"name": "bg_jpg"
		},
		{
			"url": "assets/egret_icon.png",
			"type": "image",
			"name": "egret_icon_png"
		},
		{
			"name": "description_json",
			"type": "json",
			"url": "config/description.json"
		},
		{
			"name": "buttonSnd_mp3",
			"type": "sound",
			"url": "sound/buttonSnd.mp3"
		},
		{
			"name": "100_height_gif",
			"type": "image",
			"url": "imgs/100_height.gif"
		},
		{
			"name": "720_width_gif",
			"type": "image",
			"url": "imgs/720_width.gif"
		},
		{
			"name": "arrow_png",
			"type": "image",
			"url": "imgs/arrow.png"
		},
		{
			"name": "closeBtn_png",
			"type": "image",
			"url": "imgs/closeBtn.png"
		},
		{
			"name": "cmpLenBg_png",
			"type": "image",
			"url": "imgs/cmpLenBg.png"
		},
		{
			"name": "copyright_png",
			"type": "image",
			"url": "imgs/copyright.png"
		},
		{
			"name": "download_button_gif",
			"type": "image",
			"url": "imgs/download_button.gif"
		},
		{
			"name": "eint_logo_png",
			"type": "image",
			"url": "imgs/eint_logo.png"
		},
		{
			"name": "eye_gif",
			"type": "image",
			"url": "imgs/eye.gif"
		},
		{
			"name": "eyelen3_logo_png",
			"type": "image",
			"url": "imgs/eyelen3_logo.png"
		},
		{
			"name": "map_gif",
			"type": "image",
			"url": "imgs/map.gif"
		},
		{
			"name": "next_button_gif",
			"type": "image",
			"url": "imgs/next_button.gif"
		},
		{
			"name": "next_button_png",
			"type": "image",
			"url": "imgs/next_button.png"
		},
		{
			"name": "next_button_down_gif",
			"type": "image",
			"url": "imgs/next_button_down.gif"
		},
		{
			"name": "next_button_down_png",
			"type": "image",
			"url": "imgs/next_button_down.png"
		},
		{
			"name": "noBtn_png",
			"type": "image",
			"url": "imgs/noBtn.png"
		},
		{
			"name": "noBtnDown_png",
			"type": "image",
			"url": "imgs/noBtnDown.png"
		},
		{
			"name": "noImg_gif",
			"type": "image",
			"url": "imgs/noImg.gif"
		},
		{
			"name": "noticeBg_png",
			"type": "image",
			"url": "imgs/noticeBg.png"
		},
		{
			"name": "ok_button_png",
			"type": "image",
			"url": "imgs/ok_button.png"
		},
		{
			"name": "ok_button_disabled_png",
			"type": "image",
			"url": "imgs/ok_button_disabled.png"
		},
		{
			"name": "ok_button_down_png",
			"type": "image",
			"url": "imgs/ok_button_down.png"
		},
		{
			"name": "progress_arrow_png",
			"type": "image",
			"url": "imgs/progress_arrow.png"
		},
		{
			"name": "progress_cell_png",
			"type": "image",
			"url": "imgs/progress_cell.png"
		},
		{
			"name": "progress_cell_empty_png",
			"type": "image",
			"url": "imgs/progress_cell_empty.png"
		},
		{
			"name": "progress_right_png",
			"type": "image",
			"url": "imgs/progress_right.png"
		},
		{
			"name": "progress_right_old_png",
			"type": "image",
			"url": "imgs/progress_right_old.png"
		},
		{
			"name": "questioner_png",
			"type": "image",
			"url": "imgs/questioner.png"
		},
		{
			"name": "refreshBtn_png",
			"type": "image",
			"url": "imgs/refreshBtn.png"
		},
		{
			"name": "replay_button_png",
			"type": "image",
			"url": "imgs/replay_button.png"
		},
		{
			"name": "replay_button_down_png",
			"type": "image",
			"url": "imgs/replay_button_down.png"
		},
		{
			"name": "rippleCircle_png",
			"type": "image",
			"url": "imgs/rippleCircle.png"
		},
		{
			"name": "rulerBodyCell_gif",
			"type": "image",
			"url": "imgs/rulerBodyCell.gif"
		},
		{
			"name": "rulerBodyCell2_gif",
			"type": "image",
			"url": "imgs/rulerBodyCell2.gif"
		},
		{
			"name": "ruler_drager_png",
			"type": "image",
			"url": "imgs/ruler_drager.png"
		},
		{
			"name": "ruler_head_png",
			"type": "image",
			"url": "imgs/ruler_head.png"
		},
		{
			"name": "score_cross_png",
			"type": "image",
			"url": "imgs/score_cross.png"
		},
		{
			"name": "score_dot_png",
			"type": "image",
			"url": "imgs/score_dot.png"
		},
		{
			"name": "score_flag_png",
			"type": "image",
			"url": "imgs/score_flag.png"
		},
		{
			"name": "spin_png",
			"type": "image",
			"url": "imgs/spin.png"
		},
		{
			"name": "square1_png",
			"type": "image",
			"url": "imgs/square1.png"
		},
		{
			"name": "square2_png",
			"type": "image",
			"url": "imgs/square2.png"
		},
		{
			"name": "square3_png",
			"type": "image",
			"url": "imgs/square3.png"
		},
		{
			"name": "star_empty_png",
			"type": "image",
			"url": "imgs/star_empty.png"
		},
		{
			"name": "star_full_png",
			"type": "image",
			"url": "imgs/star_full.png"
		},
		{
			"name": "thumb_sel_png",
			"type": "image",
			"url": "imgs/thumb_sel.png"
		},
		{
			"name": "tipBalloon_png",
			"type": "image",
			"url": "imgs/tipBalloon.png"
		},
		{
			"name": "top_screen_button_down_png",
			"type": "image",
			"url": "imgs/top_screen_button_down.png"
		},
		{
			"name": "top_screen_button_up_png",
			"type": "image",
			"url": "imgs/top_screen_button_up.png"
		},
		{
			"name": "top_screen_closed_png",
			"type": "image",
			"url": "imgs/top_screen_closed.png"
		},
		{
			"name": "top_screen_open_png",
			"type": "image",
			"url": "imgs/top_screen_open.png"
		},
		{
			"name": "wait_gif",
			"type": "image",
			"url": "imgs/wait.gif"
		},
		{
			"name": "welcome_gif",
			"type": "image",
			"url": "imgs/welcome.gif"
		},
		{
			"name": "yesBtn_png",
			"type": "image",
			"url": "imgs/yesBtn.png"
		},
		{
			"name": "yesBtnDown_png",
			"type": "image",
			"url": "imgs/yesBtnDown.png"
		},
		{
			"name": "localVer_json",
			"type": "json",
			"url": "config/localVer.json"
		},
		{
			"name": "clock_shutdown_png",
			"type": "image",
			"url": "imgs/clock_shutdown.png"
		},
		{
			"name": "eyelen4_icon_180_png",
			"type": "image",
			"url": "imgs/eyelen4_icon_180.png"
		},
		{
			"name": "menu_png",
			"type": "image",
			"url": "imgs/menu.png"
		},
		{
			"name": "helpQuestioner_png",
			"type": "image",
			"url": "imgs/helpQuestioner.png"
		}
	]
}