{
	"groups": [
	],
	"resources": [
		{
			"url": "pics/Eyelen/img_001.gif",
			"type": "image",
			"name": "img_001_gif"
		},
		{
			"url": "pics/Eyelen/img_002.png",
			"type": "image",
			"name": "img_002_png"
		},
		{
			"url": "pics/Eyelen/img_003.gif",
			"type": "image",
			"name": "img_003_gif"
		},
		{
			"url": "pics/Eyelen/img_004.gif",
			"type": "image",
			"name": "img_004_gif"
		},
		{
			"url": "pics/Eyelen/img_005.gif",
			"type": "image",
			"name": "img_005_gif"
		},
		{
			"url": "pics/Eyelen/img_006.gif",
			"type": "image",
			"name": "img_006_gif"
		},
		{
			"url": "pics/Eyelen/img_007.png",
			"type": "image",
			"name": "img_007_png"
		},
		{
			"url": "pics/Eyelen/img_008.gif",
			"type": "image",
			"name": "img_008_gif"
		},
		{
			"url": "pics/Eyelen/img_009.gif",
			"type": "image",
			"name": "img_009_gif"
		},
		{
			"url": "pics/Eyelen/img_010.gif",
			"type": "image",
			"name": "img_010_gif"
		},
		{
			"url": "pics/Eyelen/img_011.gif",
			"type": "image",
			"name": "img_011_gif"
		},
		{
			"url": "pics/Eyelen/img_012.gif",
			"type": "image",
			"name": "img_012_gif"
		},
		{
			"url": "pics/Eyelen/img_013.gif",
			"type": "image",
			"name": "img_013_gif"
		},
		{
			"url": "pics/Eyelen/img_014.gif",
			"type": "image",
			"name": "img_014_gif"
		},
		{
			"url": "pics/Eyelen/img_015.gif",
			"type": "image",
			"name": "img_015_gif"
		},
		{
			"url": "pics/Eyelen/img_016.png",
			"type": "image",
			"name": "img_016_png"
		},
		{
			"url": "pics/Eyelen/img_017.png",
			"type": "image",
			"name": "img_017_png"
		},
		{
			"url": "pics/Eyelen/img_018.png",
			"type": "image",
			"name": "img_018_png"
		},
		{
			"url": "pics/Eyelen/pic001.json",
			"type": "json",
			"name": "pic001_json"
		},
		{
			"url": "pics/Eyelen/pic002.json",
			"type": "json",
			"name": "pic002_json"
		},
		{
			"url": "pics/Eyelen/pic003.json",
			"type": "json",
			"name": "pic003_json"
		},
		{
			"url": "pics/Eyelen/pic004.json",
			"type": "json",
			"name": "pic004_json"
		},
		{
			"url": "pics/Eyelen/pic005.json",
			"type": "json",
			"name": "pic005_json"
		},
		{
			"url": "pics/Eyelen/pic006.json",
			"type": "json",
			"name": "pic006_json"
		},
		{
			"url": "pics/Eyelen/pic007.json",
			"type": "json",
			"name": "pic007_json"
		},
		{
			"url": "pics/Eyelen/pic008.json",
			"type": "json",
			"name": "pic008_json"
		},
		{
			"url": "pics/Eyelen/pic009.json",
			"type": "json",
			"name": "pic009_json"
		},
		{
			"url": "pics/Eyelen/pic010.json",
			"type": "json",
			"name": "pic010_json"
		},
		{
			"url": "pics/Eyelen/pic011.json",
			"type": "json",
			"name": "pic011_json"
		},
		{
			"url": "pics/Eyelen/pic012.json",
			"type": "json",
			"name": "pic012_json"
		},
		{
			"url": "pics/Eyelen/pic013.json",
			"type": "json",
			"name": "pic013_json"
		},
		{
			"url": "pics/Eyelen/pic014.json",
			"type": "json",
			"name": "pic014_json"
		},
		{
			"url": "pics/Eyelen/pic015.json",
			"type": "json",
			"name": "pic015_json"
		},
		{
			"url": "pics/Eyelen/pic016.json",
			"type": "json",
			"name": "pic016_json"
		},
		{
			"url": "pics/Eyelen/pic017.json",
			"type": "json",
			"name": "pic017_json"
		},
		{
			"url": "pics/Eyelen/pic018.json",
			"type": "json",
			"name": "pic018_json"
		}
	]
}