{
	"groups": [
	],
	"resources": [
		{
			"url": "pics_noimg/Eyelen/pic001.json",
			"type": "json",
			"name": "pic001_json"
		},
		{
			"url": "pics_noimg/Eyelen/pic002.json",
			"type": "json",
			"name": "pic002_json"
		},
		{
			"url": "pics_noimg/Eyelen/pic003.json",
			"type": "json",
			"name": "pic003_json"
		},
		{
			"url": "pics_noimg/Eyelen/pic004.json",
			"type": "json",
			"name": "pic004_json"
		},
		{
			"url": "pics_noimg/Eyelen/pic005.json",
			"type": "json",
			"name": "pic005_json"
		},
		{
			"url": "pics_noimg/Eyelen/pic006.json",
			"type": "json",
			"name": "pic006_json"
		},
		{
			"url": "pics_noimg/Eyelen/pic007.json",
			"type": "json",
			"name": "pic007_json"
		},
		{
			"url": "pics_noimg/Eyelen/pic008.json",
			"type": "json",
			"name": "pic008_json"
		},
		{
			"url": "pics_noimg/Eyelen/pic009.json",
			"type": "json",
			"name": "pic009_json"
		},
		{
			"url": "pics_noimg/Eyelen/pic010.json",
			"type": "json",
			"name": "pic010_json"
		},
		{
			"url": "pics_noimg/Eyelen/pic011.json",
			"type": "json",
			"name": "pic011_json"
		},
		{
			"url": "pics_noimg/Eyelen/pic012.json",
			"type": "json",
			"name": "pic012_json"
		},
		{
			"url": "pics_noimg/Eyelen/pic013.json",
			"type": "json",
			"name": "pic013_json"
		},
		{
			"url": "pics_noimg/Eyelen/pic014.json",
			"type": "json",
			"name": "pic014_json"
		},
		{
			"url": "pics_noimg/Eyelen/pic015.json",
			"type": "json",
			"name": "pic015_json"
		},
		{
			"url": "pics_noimg/Eyelen/pic016.json",
			"type": "json",
			"name": "pic016_json"
		},
		{
			"url": "pics_noimg/Eyelen/pic017.json",
			"type": "json",
			"name": "pic017_json"
		},
		{
			"url": "pics_noimg/Eyelen/pic018.json",
			"type": "json",
			"name": "pic018_json"
		}
	]
}