{
  "pics": {
    "pic": {
      "imgPath": "img_006.gif",
      "lens": {
        "len": [
          {
            "length": "209",
            "hor": "0",
            "x": "645",
            "y": "45"
          },
          {
            "length": "158",
            "hor": "0",
            "x": "443",
            "y": "350"
          },
          {
            "length": "77",
            "hor": "1",
            "x": "644",
            "y": "369"
          }
        ]
      }
    }
  }
}