{
  "pics": {
    "pic": {
      "imgPath": "img_013.gif",
      "lens": {
        "len": [
          {
            "length": "230",
            "hor": "1",
            "x": "40",
            "y": "283"
          },
          {
            "length": "200",
            "hor": "0",
            "x": "90",
            "y": "120"
          },
          {
            "length": "60",
            "hor": "1",
            "x": "500",
            "y": "180"
          },
          {
            "length": "30",
            "hor": "1",
            "x": "450",
            "y": "400"
          }
        ]
      }
    }
  }
}