{
  "pics": {
    "pic": {
      "imgPath": "img_001.gif",
      "lens": {
        "len": [
          {
            "length": "171",
            "hor": "1",
            "x": "254",
            "y": "244"
          },
          {
            "length": "179",
            "hor": "0",
            "x": "331",
            "y": "95"
          },
          {
            "length": "73",
            "hor": "1",
            "x": "118",
            "y": "55"
          },
          {
            "length": "62",
            "hor": "0",
            "x": "448",
            "y": "31"
          }
        ]
      }
    }
  }
}