{
  "pics": {
    "pic": {
      "imgPath": "img_011.gif",
      "lens": {
        "len": [
          {
            "length": "180",
            "hor": "0",
            "x": "287",
            "y": "83"
          },
          {
            "length": "89",
            "hor": "1",
            "x": "450",
            "y": "200"
          },
          {
            "length": "175",
            "hor": "1",
            "x": "300",
            "y": "580"
          },
          {
            "length": "200",
            "hor": "0",
            "x": "150",
            "y": "100"
          }
        ]
      }
    }
  }
}