{
  "pics": {
    "pic": {
      "imgPath": "img_012.gif",
      "lens": {
        "len": [
          {
            "length": "130",
            "hor": "0",
            "x": "310",
            "y": "280"
          },
          {
            "length": "230",
            "hor": "0",
            "x": "50",
            "y": "500"
          },
          {
            "length": "70",
            "hor": "1",
            "x": "480",
            "y": "100"
          },
          {
            "length": "250",
            "hor": "0",
            "x": "100",
            "y": "400"
          }
        ]
      }
    }
  }
}