{
  "pics": {
    "pic": {
      "imgPath": "img_009.gif",
      "lens": {
        "len": [
          {
            "length": "111",
            "hor": "0",
            "x": "585",
            "y": "419"
          },
          {
            "length": "179",
            "hor": "0",
            "x": "473",
            "y": "281"
          },
          {
            "length": "185",
            "hor": "0",
            "x": "218",
            "y": "230"
          },
          {
            "length": "174",
            "hor": "0",
            "x": "150",
            "y": "345"
          }
        ]
      }
    }
  }
}