{
  "pics": {
    "pic": {
      "imgPath": "img_014.gif",
      "lens": {
        "len": [
          {
            "length": "130",
            "hor": "0",
            "x": "180",
            "y": "30"
          },
          {
            "length": "250",
            "hor": "0",
            "x": "150",
            "y": "200"
          },
          {
            "length": "175",
            "hor": "1",
            "x": "300",
            "y": "580"
          },
          {
            "length": "80",
            "hor": "0",
            "x": "50",
            "y": "100"
          }
        ]
      }
    }
  }
}