{
  "pics": {
    "pic": {
      "imgPath": "img_008.gif",
      "lens": {
        "len": [
          {
            "length": "108",
            "hor": "1",
            "x": "491",
            "y": "443"
          },
          {
            "length": "144",
            "hor": "0",
            "x": "270",
            "y": "356"
          },
          {
            "length": "206",
            "hor": "0",
            "x": "372",
            "y": "183"
          },
          {
            "length": "123",
            "hor": "0",
            "x": "639",
            "y": "455"
          }
        ]
      }
    }
  }
}