{
  "pics": {
    "pic": {
      "imgPath": "img_002.png",
      "lens": {
        "len": [
          {
            "length": "125",
            "hor": "0",
            "x": "340",
            "y": "125"
          },
          {
            "length": "145",
            "hor": "1",
            "x": "1225",
            "y": "230"
          },
          {
            "length": "160",
            "hor": "0",
            "x": "112",
            "y": "742"
          },
          {
            "length": "194",
            "hor": "1",
            "x": "320",
            "y": "565"
          }
        ]
      }
    }
  }
}