{
  "pics": {
    "pic": {
      "imgPath": "img_005.gif",
      "lens": {
        "len": [
          {
            "length": "106",
            "hor": "1",
            "x": "264",
            "y": "265"
          },
          {
            "length": "160",
            "hor": "0",
            "x": "325",
            "y": "78"
          },
          {
            "length": "178",
            "hor": "1",
            "x": "255",
            "y": "340"
          }
        ]
      }
    }
  }
}