{
  "pics": {
    "pic": {
      "imgPath": "img_018.png",
      "lens": {
        "len": [
          {
            "length": "321",
            "hor": "1",
            "x": "91",
            "y": "86"
          },
          {
            "length": "211",
            "hor": "0",
            "x": "370",
            "y": "756"
          },
          {
            "length": "222",
            "hor": "0",
            "x": "1372",
            "y": "183"
          },
          {
            "length": "123",
            "hor": "0",
            "x": "439",
            "y": "55"
          }
        ]
      }
    }
  }
}