{
  "pics": {
    "pic": {
      "imgPath": "img_007.png",
      "lens": {
        "len": [
          {
            "length": "186",
            "hor": "1",
            "x": "71",
            "y": "55"
          },
          {
            "length": "121",
            "hor": "0",
            "x": "1365",
            "y": "804"
          },
          {
            "length": "196",
            "hor": "1",
            "x": "732",
            "y": "493"
          }
        ]
      }
    }
  }
}