{
  "pics": {
    "pic": {
      "imgPath": "img_010.gif",
      "lens": {
        "len": [
          {
            "length": "102",
            "hor": "1",
            "x": "656",
            "y": "167"
          },
          {
            "length": "210",
            "hor": "1",
            "x": "459",
            "y": "533"
          },
          {
            "length": "99",
            "hor": "0",
            "x": "608",
            "y": "318"
          }
        ]
      }
    }
  }
}