{
  "pics": {
    "pic": {
      "imgPath": "img_017.png",
      "lens": {
        "len": [
          {
            "length": "74",
            "hor": "1",
            "x": "156",
            "y": "255"
          },
          {
            "length": "272",
            "hor": "1",
            "x": "1431",
            "y": "754"
          },
          {
            "length": "42",
            "hor": "0",
            "x": "531",
            "y": "254"
          },
          {
            "length": "77",
            "hor": "1",
            "x": "882",
            "y": "585"
          }
        ]
      }
    }
  }
}