{
  "pics": {
    "pic": {
      "imgPath": "img_015.gif",
      "lens": {
        "len": [
          {
            "length": "130",
            "hor": "0",
            "x": "87",
            "y": "83"
          },
          {
            "length": "40",
            "hor": "1",
            "x": "150",
            "y": "400"
          },
          {
            "length": "235",
            "hor": "0",
            "x": "400",
            "y": "180"
          },
          {
            "length": "200",
            "hor": "1",
            "x": "150",
            "y": "50"
          }
        ]
      }
    }
  }
}