{
  "pics": {
    "pic": {
      "imgPath": "img_003.gif",
      "lens": {
        "len": [
          {
            "length": "74",
            "hor": "1",
            "x": "656",
            "y": "255"
          },
          {
            "length": "72",
            "hor": "1",
            "x": "531",
            "y": "354"
          },
          {
            "length": "77",
            "hor": "1",
            "x": "282",
            "y": "585"
          }
        ]
      }
    }
  }
}