{
  "pics": {
    "pic": {
      "imgPath": "img_004.gif",
      "lens": {
        "len": [
          {
            "length": "180",
            "hor": "1",
            "x": "488",
            "y": "428"
          },
          {
            "length": "266",
            "hor": "0",
            "x": "432",
            "y": "71"
          },
          {
            "length": "207",
            "hor": "1",
            "x": "150",
            "y": "570"
          }
        ]
      }
    }
  }
}