{
  "pics": {
    "pic": {
      "imgPath": "img_016.png",
      "lens": {
        "len": [
          {
            "length": "210",
            "hor": "1",
            "x": "210",
            "y": "130"
          },
          {
            "length": "355",
            "hor": "0",
            "x": "350",
            "y": "220"
          },
          {
            "length": "133",
            "hor": "0",
            "x": "400",
            "y": "680"
          },
          {
            "length": "322",
            "hor": "0",
            "x": "1150",
            "y": "80"
          }
        ]
      }
    }
  }
}